{
  "svm": {
    "valid": {
      "accuracy": 0.22975077881619937,
      "macro_f1": 0.23160496390950838,
      "per_class_f1": {
        "pants-fire": 0.2545454545454545,
        "false": 0.22090729783037474,
        "barely-true": 0.1842696629213483,
        "half-true": 0.23625254582484725,
        "mostly-true": 0.25,
        "true": 0.2436548223350254
      },
      "per_class_precision": {
        "pants-fire": 0.22012578616352202,
        "false": 0.22950819672131148,
        "barely-true": 0.1971153846153846,
        "half-true": 0.23868312757201646,
        "mostly-true": 0.2780487804878049,
        "true": 0.21333333333333335
      },
      "per_class_recall": {
        "pants-fire": 0.3017241379310345,
        "false": 0.21292775665399238,
        "barely-true": 0.1729957805907173,
        "half-true": 0.23387096774193547,
        "mostly-true": 0.22709163346613545,
        "true": 0.28402366863905326
      },
      "confusion_matrix": [
        [
          35,
          21,
          22,
          17,
          9,
          12
        ],
        [
          39,
          56,
          55,
          36,
          35,
          42
        ],
        [
          25,
          53,
          41,
          53,
          29,
          36
        ],
        [
          28,
          49,
          40,
          58,
          43,
          30
        ],
        [
          23,
          35,
          30,
          49,
          57,
          57
        ],
        [
          9,
          30,
          20,
          30,
          32,
          48
        ]
      ],
      "confusion_matrix_labels": [
        "pants-fire",
        "false",
        "barely-true",
        "half-true",
        "mostly-true",
        "true"
      ]
    },
    "test": {
      "accuracy": 0.23304754481683554,
      "macro_f1": 0.22928094359472648,
      "per_class_f1": {
        "pants-fire": 0.1774193548387097,
        "false": 0.2542372881355932,
        "barely-true": 0.25821596244131456,
        "half-true": 0.2286902286902287,
        "mostly-true": 0.21730382293762576,
        "true": 0.2398190045248869
      },
      "per_class_precision": {
        "pants-fire": 0.14102564102564102,
        "false": 0.2702702702702703,
        "barely-true": 0.25943396226415094,
        "half-true": 0.2570093457943925,
        "mostly-true": 0.21774193548387097,
        "true": 0.22943722943722944
      },
      "per_class_recall": {
        "pants-fire": 0.2391304347826087,
        "false": 0.24,
        "barely-true": 0.2570093457943925,
        "half-true": 0.20599250936329588,
        "mostly-true": 0.21686746987951808,
        "true": 0.25118483412322273
      },
      "confusion_matrix": [
        [
          22,
          21,
          13,
          17,
          10,
          9
        ],
        [
          38,
          60,
          33,
          41,
          39,
          39
        ],
        [
          27,
          41,
          55,
          29,
          29,
          33
        ],
        [
          27,
          33,
          48,
          55,
          63,
          41
        ],
        [
          21,
          37,
          41,
          40,
          54,
          56
        ],
        [
          21,
          30,
          22,
          32,
          53,
          53
        ]
      ],
      "confusion_matrix_labels": [
        "pants-fire",
        "false",
        "barely-true",
        "half-true",
        "mostly-true",
        "true"
      ]
    },
    "vocab_size": 8476
  },
  "naive_bayes": {
    "valid": {
      "accuracy": 0.24143302180685358,
      "macro_f1": 0.22522671625523952,
      "per_class_f1": {
        "pants-fire": 0.1527777777777778,
        "false": 0.2817391304347826,
        "barely-true": 0.1909307875894988,
        "half-true": 0.24273504273504273,
        "mostly-true": 0.29063097514340347,
        "true": 0.19254658385093168
      },
      "per_class_precision": {
        "pants-fire": 0.39285714285714285,
        "false": 0.25961538461538464,
        "barely-true": 0.21978021978021978,
        "half-true": 0.21068249258160238,
        "mostly-true": 0.27941176470588236,
        "true": 0.20261437908496732
      },
      "per_class_recall": {
        "pants-fire": 0.09482758620689655,
        "false": 0.30798479087452474,
        "barely-true": 0.16877637130801687,
        "half-true": 0.2862903225806452,
        "mostly-true": 0.30278884462151395,
        "true": 0.1834319526627219
      },
      "confusion_matrix": [
        [
          11,
          31,
          24,
          25,
          14,
          11
        ],
        [
          3,
          81,
          50,
          57,
          40,
          32
        ],
        [
          3,
          68,
          40,
          66,
          37,
          23
        ],
        [
          4,
          57,
          32,
          71,
          63,
          21
        ],
        [
          5,
          44,
          24,
          67,
          76,
          35
        ],
        [
          2,
          31,
          12,
          51,
          42,
          31
        ]
      ],
      "confusion_matrix_labels": [
        "pants-fire",
        "false",
        "barely-true",
        "half-true",
        "mostly-true",
        "true"
      ]
    },
    "test": {
      "accuracy": 0.23070927513639908,
      "macro_f1": 0.2001337425849742,
      "per_class_f1": {
        "pants-fire": 0.05309734513274336,
        "false": 0.26501766784452296,
        "barely-true": 0.17344173441734417,
        "half-true": 0.28324697754749567,
        "mostly-true": 0.254416961130742,
        "true": 0.17158176943699732
      },
      "per_class_precision": {
        "pants-fire": 0.14285714285714285,
        "false": 0.23734177215189872,
        "barely-true": 0.2064516129032258,
        "half-true": 0.26282051282051283,
        "mostly-true": 0.22712933753943218,
        "true": 0.19753086419753085
      },
      "per_class_recall": {
        "pants-fire": 0.03260869565217391,
        "false": 0.3,
        "barely-true": 0.14953271028037382,
        "half-true": 0.30711610486891383,
        "mostly-true": 0.2891566265060241,
        "true": 0.15165876777251186
      },
      "confusion_matrix": [
        [
          3,
          36,
          18,
          16,
          12,
          7
        ],
        [
          7,
          75,
          29,
          58,
          50,
          31
        ],
        [
          2,
          64,
          32,
          46,
          44,
          26
        ],
        [
          4,
          50,
          33,
          82,
          72,
          26
        ],
        [
          2,
          39,
          29,
          67,
          72,
          40
        ],
        [
          3,
          52,
          14,
          43,
          67,
          32
        ]
      ],
      "confusion_matrix_labels": [
        "pants-fire",
        "false",
        "barely-true",
        "half-true",
        "mostly-true",
        "true"
      ]
    },
    "vocab_size": 8476
  },
  "random_forest": {
    "valid": {
      "accuracy": 0.24532710280373832,
      "macro_f1": 0.24426428485311202,
      "per_class_f1": {
        "pants-fire": 0.25,
        "false": 0.2693726937269373,
        "barely-true": 0.20087336244541484,
        "half-true": 0.20909090909090908,
        "mostly-true": 0.2776735459662289,
        "true": 0.25857519788918204
      },
      "per_class_precision": {
        "pants-fire": 0.27,
        "false": 0.2616487455197133,
        "barely-true": 0.2081447963800905,
        "half-true": 0.23958333333333334,
        "mostly-true": 0.2624113475177305,
        "true": 0.23333333333333334
      },
      "per_class_recall": {
        "pants-fire": 0.23275862068965517,
        "false": 0.27756653992395436,
        "barely-true": 0.1940928270042194,
        "half-true": 0.18548387096774194,
        "mostly-true": 0.2948207171314741,